PrM,RDGEPRMIVGKNERGKSL,0.4
PrM,GKNERGKSLLFKTASGIN,0.8
PrM,LFKTASGINMCTLIAMDL,0.75
PrM,MCTLIAMDLGEMCDDTVT,0.15
PrM,GEMCDDTVTYKCPHITE,0.5
PrM,YKCPHITEVEPEDIDCW,0.5
PrM,HITEVEPEDIDCWCNLT,0.85
PrM,CNLTSTWVTYGTCNQAG,0
PrM,TSTWVTYGTCNQAG,0.6
PrM,VGMGLDTRTQTWMSAEGAW,0.7
E,NKPTLDIELQKTEATQLA,0.35
E,IEGKITNITTDS,0.65
E,RCPTQGEAVLPEEQDQNY,0.2
E,VCKHTYVDRGWGNGCGLF,0.65
E,LVTCAKFQCLEPIEGKVV,0.5
E,EPIEGKVVQYENLKYTVI,0.85
E,YENLKYTVIITVHTGDQH,0.85
E,GDQHQVGNETQGVTAEIT,1
E,GNETQGVTAEITPQASTT,0.55
E,TAEITPQASTTEAILPEY,0.2
E,SPRTGLDFNEMIL,0.45
E,NEMILLTMKNKAWMVHRQ,0
E,WFFDLPLPWTSGATTETP,0
E,TWNRKELLVTF,1
E,TFKNAHAKKQEVVVLGSQ,0.4
E,GATEIQNSGGTSIFAGH,0.25
E,AMCTNTFVLKKEVS,0.5
E,TILIKVEYKGEDAPCKIP,0.95
E,FSTEDGQGKAHN,0.45
E,ANPVVTKKEEPVNIEA,0.55
E,KKGSSIGKMFEATARGAR,0.75
E,YTALFSGVSWVMKIGIGV,1
NS1,DMGCVINWKGKELKCGSG,0.6
NS1,IFVTNEVHTWTEQYKFQA,0.5
NS1,CGIRSTTRMENLLWKQIA,0.7
NS1,QIANELNYILWENNIK,0.9
NS1,GDIIGVLEQGKRTLTPQPMELK,0.6
NS1,GKAKIVTAETQNSSFIID,0.7
NS1,GPNTPECPSASRAWNVWE,0.75
NS1,VEDYGFGVFTTNIWLKLREVYT,0.75
NS1,SDMIIPKSLAGPISQHNH,0.35
NS1,AGPISQHNHRPGYHTQTA,0.35
NS1,RPGYHTQTAGPWHLGKLE,0.95
NS1,LGKLELDFNYCE,0.45
NS1,LDFNYCEGTTVVITENCG,0.75
NS1,TVVITENCGTRGPSLRTT,0.6
NS1,TRGPSLRTTTVSGKLIHE,0.7
NS1,TVSGKLIHEWCCRSCTLP,0.35
NS1,SCTLPPLRYMGE,0.6
NS1,PLRYMGEDGCWYGMEIRP,0.4
NS1,ISEKEENMVKSLVSAG,0.8
