pep	prob
MFIFLLFLTLTSGSDLD	0.200360046
TLTSGSDLDRCTTFDDV	0.397158633
DRCTTFDDVQAPNYTQH	0.652527642
VQAPNYTQHTSSMRGVY	0.575213911
HTSSMRGVYYPDEIFRS	0.624413558
VYYPDEIFRSDTLYLTQD	0.511957223
FRSDTLYLTQDLFLPFY	0.42058645
TQDLFLPFYSNVTGFHT	0.308130115
YSNVTGFHT	0.322187157
HTINHTFGNPVIPFKDG	0.064475894
NPVIPFKDGIYFAATEK	0.099618498
DGIYFAATEKSNVVRGW	0.038704065
TEKSNVVRGWVFGSTMN	0
GWVFGSTMNNKSQSVII	0.210879985
NNKSQSVIIINNSTNVV	0.177032385
IINNSTNVVIRACNFEL	0.189724137
TNVVIRACNFELCDNPF	0.17914797
NFELCDNPFFAVSKPMG	0.105104259
FFAVSKPMGTQTHTMIF	0.122028938
PMGTQTHTMIFDNAFNC	0.090296923
THTMIFDNAFNCTFEYI	0
NAFNCTFEYISDAFSLD	0.227802906
YISDAFSLDVSEKSGNF	0.219342324
DVSEKSGNFKHLREFVF	0.430890262
FKHLREFVFKNKDGFLY	0.502818388
FKNKDGFLYVYKGYQPI	0.513394555
YVYKGYQPIDVVRDLPS	0.361079478
YQPIDVVRDLPSGFNTL	0.348385969
DLPSGFNTLKPIFKLPL	0.380119741
LKPIFKLPLGINITNFR	0.238034676
LGINITNFRAILTAFSP	0.064795691
RAILTAFSPAQDIWGTS	0.16283653
SPAQDIWGTSAAAYFVG	0.149529783
WGTSAAAYFVGYLKPTT	0.119913353
AAYFVGYLKPTTFMLKY	0.090296923
KPTTFMLKYDENGTITD	0.081834583
MLKYDENGTITDAVDCS	0.111521299
TITDAVDCSQNPLAELK	0.507047801
CSQNPLAELKCSVKSFE	0.777832113
LKCSVKSFEIDKGIYQT	0.44781494
EIDKGIYQTSNFRVVPS	0.488009295
TSNFRVVPSGDVVRFPN	0.433005847
SGDVVRFPNITNLCPFG	0.301846617
VRFPNITNLCPFGEVFN	0.2087644
LCPFGEVFNATKFPSVY	0.229918491
FNATKFPSVYAWERKKI	0
PSVYAWERKKISNCVAD	0.261652263
KKISNCVADYSVLYNST	0.105104259
YSVLYNSTFFSTFKCYG	0.27222843
FFSTFKCYGVSATKLND	0.102990431
CYGVSATKLNDLCFSNV	0.299731033
KLNDLCFSNVYADSFVV	0.177032385
NVYADSFVVKGDDVRQI	0.282806354
VKGDDVRQIAPGQTGVI	0
IAPGQTGVIADYNYKLP	0.221457909
IADYNYKLPDDFMGCVL	0.130491277
KLPDDFMGCVLAWNTRN	0.223991771
CVLAWNTRNIDATSTGN	0.195580909
NIDATSTGNYNYKYRYL	0.273710781
NYNYKYRYLRHGKLRPF	0.226360527
LRHGKLRPFERDISNVP	0
RPFERDISNVPFSPDGK	0.264241085
SNVPFSPDGKPCTPPAL	0.25477139
SPDGKPCTPPALNCYWP	0.122186772
CTPPALNCYWPLNDYGF	0.186111213
CYWPLNDYGFYTTTGIG	0.176641517
GFYTTTGIGYQPYRVVV	0.214522076
GYQPYRVVVLSFELLNA	0.193213929
VLSFELLNAPATVCGPK	0.179008497
NAPATVCGPKLSTDLIK	0.136392203
CGPKLSTDLIKNQCVNF	0.164803066
LIKNQCVNFNFNGLTGT	0.089040173
NFNGLTGTGVLTPSSKR	0.68566829
GVLTPSSKRFQPFQQFG	0.811150192
RFQPFQQFGRDVSDFTD	0.602804457
QFGRDVSDFTDSVRDPK	0.773269634
FTDSVRDPKTSEILDIS	0.785106309
PKTSEILDISPCAFGGV	0.801680496
ISPCAFGGVSVITPGTN	0.500997682
VSVITPGTNASSEVAVL	0.510469154
NASSEVAVLYQDVNCTD	0.444175957
LYQDVNCTDVSTAIHAD	0.572024839
CTDVSTAIHADQLTPAW	0.815885928
HADQLTPAWRIYSTGNN	0.607538417
WRIYSTGNNVFQTQAGC	0.377884536
NVFQTQAGCLIGAEHVD	0.126922508
AGCLIGAEHVDTSYECD	0.448911693
HVDTSYECDIPIGAGIC	0.122186772
CDIPIGAGICASYHTVS	0.283182252
CASYHTVSLLRSTSQKS	0.290284968
LLRSTSQKSIVAYTMSL	0.264241085
KSIVAYTMSLGADSSIA	0.226360527
SLGADSSIAYSNNTIAI	0.183744233
AYSNNTIAIPTNFSISI	0.176641517
AIPTNFSISITTEVMPV	0.117451036
ISITTEVMPVSMAKTSV	0
PVSMAKTSVDCNMYICG	0.122186772
KTSVDCNMYICGDSTEC	0.20978634
YICGDSTECANLLLQYG	0.124553752
TECANLLLQYGSFCTQL	0.148230655
LQYGSFCTQLNRALSGI	0.276079537
QLNRALSGIAAEQDRNT	0.242932938
IAAEQDRNTREVFAQVK	0.25477139
NTREVFAQVKQMYKTPT	0
VKQMYKTPTLKYFGGFN	0.086673193
TLKYFGGFNFSQILPDP	0.311593115
NFSQILPDPLKPTKRSF	0
PLKPTKRSFIEDLLFNK	0.252402634
FIEDLLFNKVTLADAGF	0.107981341
KVTLADAGFMKQYGECL	0
GFMKQYGECLGDINARD	0.295018928
CLGDINARDLICAQKFN	0
ARDLICAQKFNGLTVLP	0
AQKFNGLTVLPPLLTDD	0.129289488
VLPPLLTDDMIAAYTAA	0.42050083
DMIAAYTAALVSGTATA	0.399192683
AALVSGTATAGWTFGAG	0.349473673
TAGWTFGAGAALQIPFA	0.529408545
GAALQIPFAMQMAYRFN	0.439441997
PFAMQMAYRFNGIGVTQ	0.557819408
MAYRFNGIGVTQNVLYE	0.560188163
GIGVTQNVLYENQKQIA	0.486792251
VLYENQKQIANQFNKAI	0.42050083
QIANQFNKAISQIQESL	0.143494919
KAISQIQESLTTTSTAL	0.245299918
ESLTTTSTALGKLQDVV	0.295018928
TALGKLQDVVNQNAQAL	0.188478193
DVVNQNAQALNTLVKQL	0.233463243
QALNTLVKQLSSNFGAI	0.380251516
KQLSSNFGAISSVLNDI	0
AISSVLNDILSRLDKVE	0.25477139
ILSRLDKVEAEVQIDRL	0
EAEVQIDRLITGRLQSL	0.181375477
RLITGRLQSLQTYVTQQ	0.460750144
SLQTYVTQQLIRAAEIR	0.375517556
QLIRAAEIRASANLAAT	0.183744233
RASANLAATKMSECVLG	0.145861899
AATKMSECVLGQSKRVD	0.295018928
VLGQSKRVDFCGKGYHL	0
DFCGKGYHLMSFPQAAP	0.228727507
LMSFPQAAPHGVVFLHV	0.287916212
PHGVVFLHVTYVPSQER	0.226360527
VTYVPSQERNFTTAPAI	0.219257811
RNFTTAPAICHEGKAYF	0.129289488
AICHEGKAYFPREGVFV	0
AYFPREGVFVFNGTSWF	0.041689919
FVFNGTSWFITQRNFFS	0.044056899
SWFITQRNFFSPQIITT	0
NFFSPQIITTDNTFVSG	0
ITTDNTFVSGNCDVVIG	0
SGNCDVVIGIINNTVYD	0.131656468
VIGIINNTVYDPLQPEL	0.219257811
TVYDPLQPELDSFKEEL	0.041689919
PELDSFKEELDKYFKNH	0
EELDKYFKNHTSPDVDL	0
KNHTSPDVDLGDISGIN	0.086673193
DLGDISGINASVVNIQK	0.150597635
NASVVNIQKEIDRLNEV	0
KEIDRLNEVAKNLNESL	0
EVAKNLNESLIDLQELG	0.129289488
SLIDLQELGKYEQYIKW	0
GKYEQYIKWPWYVWLGF	0
PWYVWLGFIAGLIAIVM	0.086673193
IAGLIAIVMVTILLCCM	0.162436086
MVTILLCCMTSCCSCLK	0.179008497
CMTSCCSCLKGACSCGS	0
LKGACSCGSCCKFDEDD	0.129289488
DDSEPVLKGVKLHYT	0.046423879
MSDNGPQSNQRSAPRI	0.50155327
QSNQRSAPRITFGGPTDS	0.063667183
RITFGGPTDSTDNNQNGGR	0.127331472
STDNNQNGGRNGARPKQR	0.063667183
GRNGARPKQRRPQGL	0.127331472
RPKQRRPQGLPNNTASWF	0.377330266
GLPNNTASWFTALTQHGK	0.625776273
WFTALTQHGKEELRFPR	0.562111984
HGKEELRFPRGQGVPI	0.189442974
RFPRGQGVPINTNSGPDDQI	0.190995761
NTNSGPDDQIGYYRRATR	0.127331472
QIGYYRRATRRVRGGDGK	0.187890186
TRRVRGGDGKMKELSPRW	0.063667183
GKMKELSPRWYFYYL	0
LSPRWYFYYLGTGPEASL	0
YLGTGPEASLPYGANK	0.063667183
EASLPYGANKEGIVWVA	0.125778684
ANKEGIVWVATEGALN	0.063667183
IVWVATEGALNTPKDHI	0.125778684
GALNTPKDHIGTRNPNNNA	0.063667183
IGTRNPNNNAATVLQL	0.437888981
NNNAATVLQLPQGTTLPK	0.875775068
QLPQGTTLPKGFYAEGSR	0.813663566
PKGFYAEGSRGGSQASSR	0.250001688
SRGGSQASSRSSSRSR	0.562111984
ASSRSSSRSRGNSRNST	0.250001688
RSRGNSRNSTPGSSR	0.200312486
SRNSTPGSSRGNSPARMA	0.251554475
SRGNSPARMASGGGETAL	0.208076424
MASGGGETALALLLLDRL	0.563664771
ALALLLLDRLNQLESKV	0.50155327
DRLNQLESKVSGKGQQQQ	0.125778684
KVSGKGQQQQGQTVTKK	0.125778684
QQQGQTVTKKSAAEASKK	0.125778684
KKSAAEASKKPRQKRTA	0.187890186
SKKPRQKRTATKQYNV	0.186337399
KRTATKQYNVTQAFGRR	0.279504651
YNVTQAFGRRGPEQTQGNF	0.298138102
RGPEQTQGNFGDQDLIR	0.291926951
GNFGDQDLIRQGTDYKHW	0.211181999
IRQGTDYKHWPQIAQFA	0.332299428
KHWPQIAQFAPSASAFF	0.321429915
QFAPSASAFFGMSRIGM	0.250001688
FFGMSRIGMEVTPSGTW	0.417702742
MEVTPSGTWLTYHGAIK	0.301243677
WLTYHGAIKLDDKDPQF	0.350932878
KLDDKDPQFKDNVILL	0.189442974
QFKDNVILLNKHIDAYK	0.2484489
LNKHIDAYKTFPPTEPK	0.560559196
KTFPPTEPKKDKKKK	0.934780994
EPKKDKKKKTDEAQPL	0.87422228
KKTDEAQPLPQRQKK	0.936333782
QPLPQRQKKQPTVTLL	0.934780994
KKQPTVTLLPAADMDDF	0.872669493
LLPAADMDDFSRQLQNSM	0.746893702
DFSRQLQNSMSGASA	0.237579387
LQNSMSGASADSTQA	0.200312486
MADNGTITVEELKQLL	0.251050839
ITVEELKQLLEQWNLVI	0.699411349
QLLEQWNLVIGFLFLAWI	0.029389464
VIGFLFLAWIMLLQFAY	0
AWIMLLQFAYSNRNRFLY	0
AYSNRNRFLYIIKLVFLW	0
LYIIKLVFLWLLWPVTLA	0.027710631
LWLLWPVTLACFVLAAVY	0
LACFVLAAVYRINWV	0
LAAVYRINWVTGGIAIAM	0.02897007
WVTGGIAIAMACIVGLMW	0.02897007
AMACIVGLMWLSYFVASF	0
MWLSYFVASFRLFARTR	0.027710631
ASFRLFARTRSMWSF	0
FARTRSMWSFNPETNILL	0
SFNPETNILLNVPLRGTI	0.064653773
LNVPLRGTIVTRPLM	0
TIVTRPLMESELVIGAV	0
LMESELVIGAVIIRGHLR	0.249372006
GAVIIRGHLRMAGHSLGR	0.699411349
LRMAGHSLGRCDIKDLPK	0.200673254
GRCDIKDLPKEITVATSR	0.202353346
PKEITVATSRTLSYYKL	0.398825929
TSRTLSYYKLGASQRV	0.252730932
YYKLGASQRVGTDSGFAA	0
RVGTDSGFAAYNRYRI	0.078088216
GFAAYNRYRIGNYKL	0.078088216
NRYRIGNYKLNTDHA	0
GNYKLNTD	0
HAGSNDNIALLVQ	0.052899423
