PrM,RGSAYYMYLDRNDAGEAI,0.55
PrM,DRNDAGEAISFPTTLGMN,0.63
PrM,SFPTTLGMNKCYIQIMDL,0.7
PrM,KCYIQIMDLGHMCDATMS,0.3
PrM,GHMCDATMSYECPMLDEG,0.59
PrM,YECPMLDEGVEPDDVDCW,0.59
PrM,LDEGVEPDDVDCWCNTT,0.86
PrM,CNTTSTWVVYGTCHHKKG,0.59
PrM,YGTCHHKKGEARRSR,0.52
PrM,HSTRKLQTRSQTWLESREY,0.62
E,DKPTVDIELVTTTVSNMA,0.64
E,YEASISDMASDS,0.84
E,RCPTQGEAYLDKQSDTQY,0.59
E,VCKRTLVDRGWGNGCGLF,0.68
E,LVTCAKFACSKKMTGKSI,0.61
E,KKMTGKSIQPENLEYRIM,0.53
E,PENLEYRIMLSVHGSQHS,0.7
E,SGMIVNDTGHETDENRAK,0.7
E,GHETDENRAKVEITPNSP,0.57
E,KVEITPNSPRAEATLGGF,0.6
E,EPRTGLDFSDLYY,0.54
E,SDLYYLTMNNKHWLVHKE,0.47
E,WFHDIPLPWHAGADTGTP,0.34
E,HWNNKEALVEF,0.86
E,EFKDAHAKRQTVVVLGSQ,0.77
E,GALEAEMDGAKGRLSSGH,0.64
E,SLCTAAFTFTKIPA,0.68
E,TVTVEVQYAGTDGPCKVP,0.87
E,AQMAVDMQTLTPV,0.76
E,ANPVITESTENSKMMLEL,0.64
E,RSGSTIGKAFEATVRGAK,0.93
E,FKSLFGGMSWFSQILIGT,1
NS1,DVGCSVDFSKKETRCGTG,0.82
NS1,VFVYNDVEAWRDRYKYHP,0.86
NS1,CGISSVSRMENIMWRSVE,0.84
NS1,SVEGELNAILEENGVQ,0.79
NS1,GSVKNPMWRGPQRLPVPVNELP,0.84
NS1,GKSYFVRAAKTNNSFVVD,0.82
NS1,GDTLKECPLKHRAWNSFL,0.89
NS1,VEDHGFGVFHTSVWLKVREDYS,0.89
NS1,SDLIIPKSLAGPLSHHNT,0.68
NS1,AGPLSHHNTREGYRTQMK,0.68
NS1,REGYRTQMKGPWHSEELE,0.84
NS1,SEELEIRFEECP,0.81
NS1,IRFEECPGTKVHVEETCG,0.84
NS1,KVHVEETCGTRGPSLRST,0.84
NS1,TRGPSLRSTTASGRVIEE,0.82
NS1,TASGRVIEEWCCRECTMP,0.84
NS1,ECTMPPLSFRAK,0.78
NS1,PLSFRAKDGCWYGMEIRP,0.8
NS1,RKEPESNLVRSMVTAG,0.86
